<?xml version="1.0" encoding="UTF-8"?>
<ivy-module version="2.0" xmlns:m="http://ant.apache.org/ivy/maven">
	<info organisation="org.jline"
		module="jline"
		revision="3.22.0"
		status="release"
		publication="20230118001619"
	>
		<license name="The BSD License" url="https://opensource.org/licenses/BSD-3-Clause" />
		<description homepage="" />
		<m:properties__automatic.module.name>org.jline</m:properties__automatic.module.name>
		<m:properties__sshd.version>2.9.2</m:properties__sshd.version>
		<m:properties__maven.version>3.5.0</m:properties__maven.version>
		<m:properties__maven.compiler.source>1.8</m:properties__maven.compiler.source>
		<m:properties__graal.plugin.version>21.2.0</m:properties__graal.plugin.version>
		<m:properties__gogo.jline.version>1.1.8</m:properties__gogo.jline.version>
		<m:properties__gogo.runtime.version>1.1.6</m:properties__gogo.runtime.version>
		<m:properties__native.image.skip>true</m:properties__native.image.skip>
		<m:properties__easymock.version>5.1.0</m:properties__easymock.version>
		<m:properties__surefire.argLine/>
		<m:properties__maven.compiler.target>1.8</m:properties__maven.compiler.target>
		<m:properties__graal.version>22.3.0</m:properties__graal.version>
		<m:properties__slf4j.version>2.0.6</m:properties__slf4j.version>
		<m:properties__findbugs.version>3.0.2</m:properties__findbugs.version>
		<m:properties__project.build.sourceEncoding>UTF-8</m:properties__project.build.sourceEncoding>
		<m:properties__project.build.outputTimestamp>2023-01-17T16:55:05Z</m:properties__project.build.outputTimestamp>
		<m:properties__jansi.version>2.4.0</m:properties__jansi.version>
		<m:properties__junit.version>4.13.2</m:properties__junit.version>
		<m:properties__groovy.version>4.0.7</m:properties__groovy.version>
		<m:properties__juniversalchardet.version>1.0.3</m:properties__juniversalchardet.version>
		<m:properties__ivy.version>2.5.1</m:properties__ivy.version>
		<m:properties__jna.version>5.13.0</m:properties__jna.version>
		<m:properties__arguments/>
		<m:properties__sonatypeOssDistMgmtSnapshotsUrl>https://oss.sonatype.org/content/repositories/snapshots/</m:properties__sonatypeOssDistMgmtSnapshotsUrl>
		<m:maven.plugins>org.apache.maven.plugins__maven-enforcer-plugin__1.2|org.apache.maven.plugins__maven-enforcer-plugin__1.2|org.apache.maven.plugins__maven-enforcer-plugin__3.1.0|org.apache.felix__maven-bundle-plugin__null|org.apache.maven.plugins__maven-compiler-plugin__null|org.apache.maven.plugins__maven-resources-plugin__null|org.apache.maven.plugins__maven-jar-plugin__null|org.apache.maven.plugins__maven-surefire-plugin__null|org.apache.maven.plugins__maven-source-plugin__null|org.apache.maven.plugins__maven-release-plugin__null|org.graalvm.nativeimage__native-image-maven-plugin__null|org.apache.maven.plugins__maven-javadoc-plugin__null|org.apache.maven.plugins__maven-compiler-plugin__null|org.apache.maven.plugins__maven-enforcer-plugin__1.2|org.apache.maven.plugins__maven-enforcer-plugin__1.2|org.apache.maven.plugins__maven-enforcer-plugin__3.1.0|org.apache.felix__maven-bundle-plugin__null|org.apache.maven.plugins__maven-compiler-plugin__null|org.apache.maven.plugins__maven-resources-plugin__null|org.apache.maven.plugins__maven-jar-plugin__null|org.apache.maven.plugins__maven-surefire-plugin__null|org.apache.maven.plugins__maven-source-plugin__null|org.apache.maven.plugins__maven-release-plugin__null|org.graalvm.nativeimage__native-image-maven-plugin__null|org.apache.maven.plugins__maven-javadoc-plugin__null|org.apache.maven.plugins__maven-compiler-plugin__null|null__maven-dependency-plugin__null|org.codehaus.mojo__build-helper-maven-plugin__null|org.apache.maven.plugins__maven-compiler-plugin__null|org.apache.felix__maven-bundle-plugin__null</m:maven.plugins>
		<m:dependency.management__org.jline__jline-terminal__version>3.22.0</m:dependency.management__org.jline__jline-terminal__version>
		<m:dependency.management__org.jline__jline-terminal-jansi__version>3.22.0</m:dependency.management__org.jline__jline-terminal-jansi__version>
		<m:dependency.management__org.jline__jline-terminal-jna__version>3.22.0</m:dependency.management__org.jline__jline-terminal-jna__version>
		<m:dependency.management__org.jline__jline-reader__version>3.22.0</m:dependency.management__org.jline__jline-reader__version>
		<m:dependency.management__org.jline__jline-builtins__version>3.22.0</m:dependency.management__org.jline__jline-builtins__version>
		<m:dependency.management__org.jline__jline-remote-ssh__version>3.22.0</m:dependency.management__org.jline__jline-remote-ssh__version>
		<m:dependency.management__org.jline__jline-remote-telnet__version>3.22.0</m:dependency.management__org.jline__jline-remote-telnet__version>
		<m:dependency.management__org.jline__jline__version>3.22.0</m:dependency.management__org.jline__jline__version>
		<m:dependency.management__org.jline__jline-style__version>3.22.0</m:dependency.management__org.jline__jline-style__version>
		<m:dependency.management__org.jline__jline-groovy__version>3.22.0</m:dependency.management__org.jline__jline-groovy__version>
		<m:dependency.management__org.jline__jline-console__version>3.22.0</m:dependency.management__org.jline__jline-console__version>
		<m:dependency.management__org.fusesource.jansi__jansi__version>2.4.0</m:dependency.management__org.fusesource.jansi__jansi__version>
		<m:dependency.management__net.java.dev.jna__jna__version>5.13.0</m:dependency.management__net.java.dev.jna__jna__version>
		<m:dependency.management__com.googlecode.juniversalchardet__juniversalchardet__version>1.0.3</m:dependency.management__com.googlecode.juniversalchardet__juniversalchardet__version>
		<m:dependency.management__org.apache.sshd__sshd-common__version>2.9.2</m:dependency.management__org.apache.sshd__sshd-common__version>
		<m:dependency.management__org.apache.sshd__sshd-core__version>2.9.2</m:dependency.management__org.apache.sshd__sshd-core__version>
		<m:dependency.management__org.apache.sshd__sshd-scp__version>2.9.2</m:dependency.management__org.apache.sshd__sshd-scp__version>
		<m:dependency.management__org.apache.sshd__sshd-sftp__version>2.9.2</m:dependency.management__org.apache.sshd__sshd-sftp__version>
		<m:dependency.management__org.apache.felix__org.apache.felix.gogo.runtime__version>1.1.6</m:dependency.management__org.apache.felix__org.apache.felix.gogo.runtime__version>
		<m:dependency.management__org.apache.felix__org.apache.felix.gogo.jline__version>1.1.8</m:dependency.management__org.apache.felix__org.apache.felix.gogo.jline__version>
		<m:dependency.management__org.apache.groovy__groovy__version>4.0.7</m:dependency.management__org.apache.groovy__groovy__version>
		<m:dependency.management__org.apache.groovy__groovy-json__version>4.0.7</m:dependency.management__org.apache.groovy__groovy-json__version>
		<m:dependency.management__org.apache.groovy__groovy-console__version>4.0.7</m:dependency.management__org.apache.groovy__groovy-console__version>
		<m:dependency.management__org.graalvm.sdk__graal-sdk__version>22.3.0</m:dependency.management__org.graalvm.sdk__graal-sdk__version>
		<m:dependency.management__org.apache.ivy__ivy__version>2.5.1</m:dependency.management__org.apache.ivy__ivy__version>
		<m:dependency.management__org.slf4j__slf4j-api__version>2.0.6</m:dependency.management__org.slf4j__slf4j-api__version>
		<m:dependency.management__org.slf4j__slf4j-jdk14__version>2.0.6</m:dependency.management__org.slf4j__slf4j-jdk14__version>
		<m:dependency.management__org.easymock__easymock__version>5.1.0</m:dependency.management__org.easymock__easymock__version>
		<m:dependency.management__junit__junit__version>4.13.2</m:dependency.management__junit__junit__version>
		<m:dependency.management__com.google.code.findbugs__jsr305__version>3.0.2</m:dependency.management__com.google.code.findbugs__jsr305__version>
	</info>
	<configurations>
		<conf name="default" visibility="public" description="runtime dependencies and master artifact can be used with this conf" extends="runtime,master"/>
		<conf name="master" visibility="public" description="contains only the artifact published by this module itself, with no transitive dependencies"/>
		<conf name="compile" visibility="public" description="this is the default scope, used if none is specified. Compile dependencies are available in all classpaths."/>
		<conf name="provided" visibility="public" description="this is much like compile, but indicates you expect the JDK or a container to provide it. It is only available on the compilation classpath, and is not transitive."/>
		<conf name="runtime" visibility="public" description="this scope indicates that the dependency is not required for compilation, but is for execution. It is in the runtime and test classpaths, but not the compile classpath." extends="compile"/>
		<conf name="test" visibility="public" description="this scope indicates that the dependency is not required for normal use of the application, and is only available for the test compilation and execution phases." extends="runtime"/>
		<conf name="system" visibility="public" description="this scope is similar to provided except that you have to provide the JAR which contains it explicitly. The artifact is always available and is not looked up in a repository."/>
		<conf name="sources" visibility="public" description="this configuration contains the source artifact of this module, if any."/>
		<conf name="javadoc" visibility="public" description="this configuration contains the javadoc artifact of this module, if any."/>
		<conf name="optional" visibility="public" description="contains all optional dependencies"/>
	</configurations>
	<publications>
		<artifact name="jline" type="jar" ext="jar" conf="master"/>
		<artifact name="jline" type="source" ext="jar" conf="sources" m:classifier="sources"/>
		<artifact name="jline" type="javadoc" ext="jar" conf="javadoc" m:classifier="javadoc"/>
	</publications>
	<dependencies>
		<dependency org="org.fusesource.jansi" name="jansi" rev="2.4.0" force="true" conf="optional->compile(*),master(*)"/>
		<dependency org="net.java.dev.jna" name="jna" rev="5.13.0" force="true" conf="optional->compile(*),master(*)"/>
		<dependency org="com.googlecode.juniversalchardet" name="juniversalchardet" rev="1.0.3" force="true" conf="optional->compile(*),master(*)"/>
		<dependency org="org.apache.sshd" name="sshd-core" rev="2.9.2" force="true" conf="optional->compile(*),master(*)"/>
		<dependency org="org.apache.sshd" name="sshd-scp" rev="2.9.2" force="true" conf="optional->compile(*),master(*)"/>
		<dependency org="org.apache.sshd" name="sshd-sftp" rev="2.9.2" force="true" conf="optional->compile(*),master(*)"/>
		<dependency org="com.google.code.findbugs" name="jsr305" rev="3.0.2" force="true" conf="optional->compile(*),master(*)"/>
		<dependency org="org.jline" name="jline-terminal" rev="3.22.0" force="true" conf="test->runtime(*),master(*)"/>
		<dependency org="org.jline" name="jline-terminal-jansi" rev="3.22.0" force="true" conf="test->runtime(*),master(*)"/>
		<dependency org="org.jline" name="jline-terminal-jna" rev="3.22.0" force="true" conf="test->runtime(*),master(*)"/>
		<dependency org="org.jline" name="jline-reader" rev="3.22.0" force="true" conf="test->runtime(*),master(*)"/>
		<dependency org="org.jline" name="jline-builtins" rev="3.22.0" force="true" conf="test->runtime(*),master(*)"/>
		<dependency org="org.jline" name="jline-console" rev="3.22.0" force="true" conf="test->runtime(*),master(*)"/>
		<dependency org="org.jline" name="jline-remote-ssh" rev="3.22.0" force="true" conf="test->runtime(*),master(*)"/>
		<dependency org="org.jline" name="jline-remote-telnet" rev="3.22.0" force="true" conf="test->runtime(*),master(*)"/>
		<dependency org="org.jline" name="jline-style" rev="3.22.0" force="true" conf="test->runtime(*),master(*)"/>
		<override org="org.jline" module="jline-terminal" matcher="exact" rev="3.22.0"/>
		<override org="org.jline" module="jline-terminal-jansi" matcher="exact" rev="3.22.0"/>
		<override org="org.jline" module="jline-terminal-jna" matcher="exact" rev="3.22.0"/>
		<override org="org.jline" module="jline-reader" matcher="exact" rev="3.22.0"/>
		<override org="org.jline" module="jline-builtins" matcher="exact" rev="3.22.0"/>
		<override org="org.jline" module="jline-remote-ssh" matcher="exact" rev="3.22.0"/>
		<override org="org.jline" module="jline-remote-telnet" matcher="exact" rev="3.22.0"/>
		<override org="org.jline" module="jline" matcher="exact" rev="3.22.0"/>
		<override org="org.jline" module="jline-style" matcher="exact" rev="3.22.0"/>
		<override org="org.jline" module="jline-groovy" matcher="exact" rev="3.22.0"/>
		<override org="org.jline" module="jline-console" matcher="exact" rev="3.22.0"/>
		<override org="org.fusesource.jansi" module="jansi" matcher="exact" rev="2.4.0"/>
		<override org="net.java.dev.jna" module="jna" matcher="exact" rev="5.13.0"/>
		<override org="com.googlecode.juniversalchardet" module="juniversalchardet" matcher="exact" rev="1.0.3"/>
		<override org="org.apache.sshd" module="sshd-common" matcher="exact" rev="2.9.2"/>
		<override org="org.apache.sshd" module="sshd-core" matcher="exact" rev="2.9.2"/>
		<override org="org.apache.sshd" module="sshd-scp" matcher="exact" rev="2.9.2"/>
		<override org="org.apache.sshd" module="sshd-sftp" matcher="exact" rev="2.9.2"/>
		<override org="org.apache.felix" module="org.apache.felix.gogo.runtime" matcher="exact" rev="1.1.6"/>
		<override org="org.apache.felix" module="org.apache.felix.gogo.jline" matcher="exact" rev="1.1.8"/>
		<override org="org.apache.groovy" module="groovy" matcher="exact" rev="4.0.7"/>
		<override org="org.apache.groovy" module="groovy-json" matcher="exact" rev="4.0.7"/>
		<override org="org.apache.groovy" module="groovy-console" matcher="exact" rev="4.0.7"/>
		<override org="org.graalvm.sdk" module="graal-sdk" matcher="exact" rev="22.3.0"/>
		<override org="org.apache.ivy" module="ivy" matcher="exact" rev="2.5.1"/>
		<override org="org.slf4j" module="slf4j-api" matcher="exact" rev="2.0.6"/>
		<override org="org.slf4j" module="slf4j-jdk14" matcher="exact" rev="2.0.6"/>
		<override org="org.easymock" module="easymock" matcher="exact" rev="5.1.0"/>
		<override org="junit" module="junit" matcher="exact" rev="4.13.2"/>
		<override org="com.google.code.findbugs" module="jsr305" matcher="exact" rev="3.0.2"/>
	</dependencies>
</ivy-module>
