<?xml version="1.0" encoding="UTF-8"?>
<ivy-module version="2.0" xmlns:m="http://ant.apache.org/ivy/maven">
	<info organisation="io.github.java-diff-utils"
		module="java-diff-utils"
		revision="4.12"
		status="release"
		publication="20220723063756"
	>
		<license name="The Apache Software License, Version 2.0" url="http://www.apache.org/licenses/LICENSE-2.0.txt" />
		<description homepage="" />
		<m:properties__project.build.sourceEncoding>UTF-8</m:properties__project.build.sourceEncoding>
		<m:properties__maven.compiler.target>1.8</m:properties__maven.compiler.target>
		<m:properties__maven.compiler.source>1.8</m:properties__maven.compiler.source>
		<m:properties__javadoc.opts>-Xdoclint:none</m:properties__javadoc.opts>
		<m:dependency.management__org.junit.jupiter__junit-jupiter__version>5.7.1</m:dependency.management__org.junit.jupiter__junit-jupiter__version>
		<m:dependency.management__org.junit.jupiter__junit-jupiter__scope>test</m:dependency.management__org.junit.jupiter__junit-jupiter__scope>
		<m:dependency.management__org.assertj__assertj-core__version>3.19.0</m:dependency.management__org.assertj__assertj-core__version>
		<m:dependency.management__org.assertj__assertj-core__scope>test</m:dependency.management__org.assertj__assertj-core__scope>
		<m:maven.plugins>org.apache.maven.plugins__maven-release-plugin__2.5.3|org.apache.felix__maven-bundle-plugin__3.3.0|org.apache.maven.plugins__maven-javadoc-plugin__3.1.1|org.apache.maven.plugins__maven-checkstyle-plugin__3.1.0|org.apache.maven.plugins__maven-surefire-plugin__3.0.0-M4|org.apache.maven.plugins__maven-release-plugin__2.5.3|org.apache.felix__maven-bundle-plugin__3.3.0|org.apache.maven.plugins__maven-javadoc-plugin__3.1.1|org.apache.maven.plugins__maven-checkstyle-plugin__3.1.0|org.apache.maven.plugins__maven-surefire-plugin__3.0.0-M4|org.apache.maven.plugins__maven-compiler-plugin__3.6.1|null__maven-jar-plugin__3.0.2|org.apache.maven.plugins__maven-surefire-plugin__null</m:maven.plugins>
	</info>
	<configurations>
		<conf name="default" visibility="public" description="runtime dependencies and master artifact can be used with this conf" extends="runtime,master"/>
		<conf name="master" visibility="public" description="contains only the artifact published by this module itself, with no transitive dependencies"/>
		<conf name="compile" visibility="public" description="this is the default scope, used if none is specified. Compile dependencies are available in all classpaths."/>
		<conf name="provided" visibility="public" description="this is much like compile, but indicates you expect the JDK or a container to provide it. It is only available on the compilation classpath, and is not transitive."/>
		<conf name="runtime" visibility="public" description="this scope indicates that the dependency is not required for compilation, but is for execution. It is in the runtime and test classpaths, but not the compile classpath." extends="compile"/>
		<conf name="test" visibility="public" description="this scope indicates that the dependency is not required for normal use of the application, and is only available for the test compilation and execution phases." extends="runtime"/>
		<conf name="system" visibility="public" description="this scope is similar to provided except that you have to provide the JAR which contains it explicitly. The artifact is always available and is not looked up in a repository."/>
		<conf name="sources" visibility="public" description="this configuration contains the source artifact of this module, if any."/>
		<conf name="javadoc" visibility="public" description="this configuration contains the javadoc artifact of this module, if any."/>
		<conf name="optional" visibility="public" description="contains all optional dependencies"/>
	</configurations>
	<publications>
		<artifact name="java-diff-utils" type="jar" ext="jar" conf="master"/>
		<artifact name="java-diff-utils" type="source" ext="jar" conf="sources" m:classifier="sources"/>
		<artifact name="java-diff-utils" type="javadoc" ext="jar" conf="javadoc" m:classifier="javadoc"/>
	</publications>
	<dependencies>
		<dependency org="org.junit.jupiter" name="junit-jupiter" rev="5.7.1" force="true" conf="test->runtime(*),master(*)"/>
		<dependency org="org.assertj" name="assertj-core" rev="3.19.0" force="true" conf="test->runtime(*),master(*)"/>
		<override org="org.junit.jupiter" module="junit-jupiter" matcher="exact" rev="5.7.1"/>
		<override org="org.assertj" module="assertj-core" matcher="exact" rev="3.19.0"/>
	</dependencies>
</ivy-module>
