<?xml version="1.0" encoding="UTF-8"?>
<ivy-module version="2.0" xmlns:m="http://ant.apache.org/ivy/maven">
	<info organisation="org.jline"
		module="jline-terminal"
		revision="3.27.0"
		status="release"
		publication="20240920195858"
	>
		<license name="The BSD License" url="https://opensource.org/licenses/BSD-3-Clause" />
		<description homepage="" />
		<m:properties__automatic.module.name>org.jline.terminal</m:properties__automatic.module.name>
		<m:properties__sshd.version>2.13.2</m:properties__sshd.version>
		<m:properties__java.release.version>8</m:properties__java.release.version>
		<m:properties__maven.version>3.9.6</m:properties__maven.version>
		<m:properties__graal.plugin.version>21.2.0</m:properties__graal.plugin.version>
		<m:properties__gogo.jline.version>1.1.8</m:properties__gogo.jline.version>
		<m:properties__java.build.version>22</m:properties__java.build.version>
		<m:properties__gogo.runtime.version>1.1.6</m:properties__gogo.runtime.version>
		<m:properties__native.image.skip>true</m:properties__native.image.skip>
		<m:properties__easymock.version>5.4.0</m:properties__easymock.version>
		<m:properties__surefire.argLine>--add-opens java.base/java.io=ALL-UNNAMED</m:properties__surefire.argLine>
		<m:properties__graal.version>24.1.0</m:properties__graal.version>
		<m:properties__slf4j.version>2.0.16</m:properties__slf4j.version>
		<m:properties__findbugs.version>3.0.2</m:properties__findbugs.version>
		<m:properties__project.build.sourceEncoding>UTF-8</m:properties__project.build.sourceEncoding>
		<m:properties__project.build.outputTimestamp>2024-09-20T12:54:17Z</m:properties__project.build.outputTimestamp>
		<m:properties__jansi.version>2.4.1</m:properties__jansi.version>
		<m:properties__junit.version>5.11.0</m:properties__junit.version>
		<m:properties__groovy.version>4.0.23</m:properties__groovy.version>
		<m:properties__juniversalchardet.version>1.0.3</m:properties__juniversalchardet.version>
		<m:properties__ivy.version>2.5.2</m:properties__ivy.version>
		<m:properties__jna.version>5.15.0</m:properties__jna.version>
		<m:properties__spotless.action>check</m:properties__spotless.action>
		<m:dependency.management__org.jline__jline-native__version>3.27.0</m:dependency.management__org.jline__jline-native__version>
		<m:dependency.management__org.jline__jline-terminal__version>3.27.0</m:dependency.management__org.jline__jline-terminal__version>
		<m:dependency.management__org.jline__jline-terminal-ffm__version>3.27.0</m:dependency.management__org.jline__jline-terminal-ffm__version>
		<m:dependency.management__org.jline__jline-terminal-jansi__version>3.27.0</m:dependency.management__org.jline__jline-terminal-jansi__version>
		<m:dependency.management__org.jline__jline-terminal-jni__version>3.27.0</m:dependency.management__org.jline__jline-terminal-jni__version>
		<m:dependency.management__org.jline__jline-terminal-jna__version>3.27.0</m:dependency.management__org.jline__jline-terminal-jna__version>
		<m:dependency.management__org.jline__jline-reader__version>3.27.0</m:dependency.management__org.jline__jline-reader__version>
		<m:dependency.management__org.jline__jline-curses__version>3.27.0</m:dependency.management__org.jline__jline-curses__version>
		<m:dependency.management__org.jline__jline-builtins__version>3.27.0</m:dependency.management__org.jline__jline-builtins__version>
		<m:dependency.management__org.jline__jline-remote-ssh__version>3.27.0</m:dependency.management__org.jline__jline-remote-ssh__version>
		<m:dependency.management__org.jline__jline-remote-telnet__version>3.27.0</m:dependency.management__org.jline__jline-remote-telnet__version>
		<m:dependency.management__org.jline__jline__version>3.27.0</m:dependency.management__org.jline__jline__version>
		<m:dependency.management__org.jline__jline-style__version>3.27.0</m:dependency.management__org.jline__jline-style__version>
		<m:dependency.management__org.jline__jline-groovy__version>3.27.0</m:dependency.management__org.jline__jline-groovy__version>
		<m:dependency.management__org.jline__jline-console__version>3.27.0</m:dependency.management__org.jline__jline-console__version>
		<m:dependency.management__org.jline__jansi-core__version>3.27.0</m:dependency.management__org.jline__jansi-core__version>
		<m:dependency.management__org.jline__jansi__version>3.27.0</m:dependency.management__org.jline__jansi__version>
		<m:dependency.management__org.fusesource.jansi__jansi__version>2.4.1</m:dependency.management__org.fusesource.jansi__jansi__version>
		<m:dependency.management__net.java.dev.jna__jna__version>5.15.0</m:dependency.management__net.java.dev.jna__jna__version>
		<m:dependency.management__com.googlecode.juniversalchardet__juniversalchardet__version>1.0.3</m:dependency.management__com.googlecode.juniversalchardet__juniversalchardet__version>
		<m:dependency.management__org.apache.sshd__sshd-common__version>2.13.2</m:dependency.management__org.apache.sshd__sshd-common__version>
		<m:dependency.management__org.apache.sshd__sshd-core__version>2.13.2</m:dependency.management__org.apache.sshd__sshd-core__version>
		<m:dependency.management__org.apache.sshd__sshd-scp__version>2.13.2</m:dependency.management__org.apache.sshd__sshd-scp__version>
		<m:dependency.management__org.apache.sshd__sshd-sftp__version>2.13.2</m:dependency.management__org.apache.sshd__sshd-sftp__version>
		<m:dependency.management__org.apache.felix__org.apache.felix.gogo.runtime__version>1.1.6</m:dependency.management__org.apache.felix__org.apache.felix.gogo.runtime__version>
		<m:dependency.management__org.apache.felix__org.apache.felix.gogo.jline__version>1.1.8</m:dependency.management__org.apache.felix__org.apache.felix.gogo.jline__version>
		<m:dependency.management__org.apache.groovy__groovy__version>4.0.23</m:dependency.management__org.apache.groovy__groovy__version>
		<m:dependency.management__org.apache.groovy__groovy-json__version>4.0.23</m:dependency.management__org.apache.groovy__groovy-json__version>
		<m:dependency.management__org.apache.groovy__groovy-console__version>4.0.23</m:dependency.management__org.apache.groovy__groovy-console__version>
		<m:dependency.management__org.graalvm.sdk__graal-sdk__version>24.1.0</m:dependency.management__org.graalvm.sdk__graal-sdk__version>
		<m:dependency.management__org.apache.ivy__ivy__version>2.5.2</m:dependency.management__org.apache.ivy__ivy__version>
		<m:dependency.management__org.slf4j__slf4j-api__version>2.0.16</m:dependency.management__org.slf4j__slf4j-api__version>
		<m:dependency.management__org.slf4j__slf4j-jdk14__version>2.0.16</m:dependency.management__org.slf4j__slf4j-jdk14__version>
		<m:dependency.management__org.easymock__easymock__version>5.4.0</m:dependency.management__org.easymock__easymock__version>
		<m:dependency.management__org.junit.jupiter__junit-jupiter-api__version>5.11.0</m:dependency.management__org.junit.jupiter__junit-jupiter-api__version>
		<m:dependency.management__org.junit.jupiter__junit-jupiter-params__version>5.11.0</m:dependency.management__org.junit.jupiter__junit-jupiter-params__version>
		<m:dependency.management__org.junit.jupiter__junit-jupiter-params__scope>test</m:dependency.management__org.junit.jupiter__junit-jupiter-params__scope>
		<m:dependency.management__com.google.code.findbugs__jsr305__version>3.0.2</m:dependency.management__com.google.code.findbugs__jsr305__version>
		<m:maven.plugins>org.apache.maven.plugins__maven-enforcer-plugin__3.5.0|org.apache.felix__maven-bundle-plugin__null|org.apache.maven.plugins__maven-compiler-plugin__null|org.apache.maven.plugins__maven-resources-plugin__null|org.apache.maven.plugins__maven-jar-plugin__null|org.apache.maven.plugins__maven-surefire-plugin__null|org.apache.maven.plugins__maven-release-plugin__null|org.sonatype.central__central-publishing-maven-plugin__null|org.graalvm.nativeimage__native-image-maven-plugin__null|com.diffplug.spotless__spotless-maven-plugin__null|org.apache.maven.plugins__maven-source-plugin__null|org.apache.maven.plugins__maven-enforcer-plugin__3.5.0|org.apache.felix__maven-bundle-plugin__null|org.apache.maven.plugins__maven-compiler-plugin__null|org.apache.maven.plugins__maven-resources-plugin__null|org.apache.maven.plugins__maven-jar-plugin__null|org.apache.maven.plugins__maven-surefire-plugin__null|org.apache.maven.plugins__maven-release-plugin__null|org.sonatype.central__central-publishing-maven-plugin__null|org.graalvm.nativeimage__native-image-maven-plugin__null|com.diffplug.spotless__spotless-maven-plugin__null|org.apache.maven.plugins__maven-source-plugin__null|org.apache.felix__maven-bundle-plugin__null</m:maven.plugins>
	</info>
	<configurations>
		<conf name="default" visibility="public" description="runtime dependencies and master artifact can be used with this conf" extends="runtime,master"/>
		<conf name="master" visibility="public" description="contains only the artifact published by this module itself, with no transitive dependencies"/>
		<conf name="compile" visibility="public" description="this is the default scope, used if none is specified. Compile dependencies are available in all classpaths."/>
		<conf name="provided" visibility="public" description="this is much like compile, but indicates you expect the JDK or a container to provide it. It is only available on the compilation classpath, and is not transitive."/>
		<conf name="runtime" visibility="public" description="this scope indicates that the dependency is not required for compilation, but is for execution. It is in the runtime and test classpaths, but not the compile classpath." extends="compile"/>
		<conf name="test" visibility="public" description="this scope indicates that the dependency is not required for normal use of the application, and is only available for the test compilation and execution phases." extends="runtime"/>
		<conf name="system" visibility="public" description="this scope is similar to provided except that you have to provide the JAR which contains it explicitly. The artifact is always available and is not looked up in a repository."/>
		<conf name="sources" visibility="public" description="this configuration contains the source artifact of this module, if any."/>
		<conf name="javadoc" visibility="public" description="this configuration contains the javadoc artifact of this module, if any."/>
		<conf name="optional" visibility="public" description="contains all optional dependencies"/>
	</configurations>
	<publications>
		<artifact name="jline-terminal" type="jar" ext="jar" conf="master"/>
		<artifact name="jline-terminal" type="source" ext="jar" conf="sources" m:classifier="sources"/>
		<artifact name="jline-terminal" type="javadoc" ext="jar" conf="javadoc" m:classifier="javadoc"/>
	</publications>
	<dependencies>
		<dependency org="org.jline" name="jline-native" rev="3.27.0" force="true" conf="compile->compile(*),master(*);runtime->runtime(*)"/>
		<dependency org="org.easymock" name="easymock" rev="5.4.0" force="true" conf="test->runtime(*),master(*)"/>
		<dependency org="org.junit.jupiter" name="junit-jupiter-api" rev="5.11.0" force="true" conf="test->runtime(*),master(*)"/>
		<override org="org.jline" module="jline-native" matcher="exact" rev="3.27.0"/>
		<override org="org.jline" module="jline-terminal" matcher="exact" rev="3.27.0"/>
		<override org="org.jline" module="jline-terminal-ffm" matcher="exact" rev="3.27.0"/>
		<override org="org.jline" module="jline-terminal-jansi" matcher="exact" rev="3.27.0"/>
		<override org="org.jline" module="jline-terminal-jni" matcher="exact" rev="3.27.0"/>
		<override org="org.jline" module="jline-terminal-jna" matcher="exact" rev="3.27.0"/>
		<override org="org.jline" module="jline-reader" matcher="exact" rev="3.27.0"/>
		<override org="org.jline" module="jline-curses" matcher="exact" rev="3.27.0"/>
		<override org="org.jline" module="jline-builtins" matcher="exact" rev="3.27.0"/>
		<override org="org.jline" module="jline-remote-ssh" matcher="exact" rev="3.27.0"/>
		<override org="org.jline" module="jline-remote-telnet" matcher="exact" rev="3.27.0"/>
		<override org="org.jline" module="jline" matcher="exact" rev="3.27.0"/>
		<override org="org.jline" module="jline-style" matcher="exact" rev="3.27.0"/>
		<override org="org.jline" module="jline-groovy" matcher="exact" rev="3.27.0"/>
		<override org="org.jline" module="jline-console" matcher="exact" rev="3.27.0"/>
		<override org="org.jline" module="jansi-core" matcher="exact" rev="3.27.0"/>
		<override org="org.jline" module="jansi" matcher="exact" rev="3.27.0"/>
		<override org="org.fusesource.jansi" module="jansi" matcher="exact" rev="2.4.1"/>
		<override org="net.java.dev.jna" module="jna" matcher="exact" rev="5.15.0"/>
		<override org="com.googlecode.juniversalchardet" module="juniversalchardet" matcher="exact" rev="1.0.3"/>
		<override org="org.apache.sshd" module="sshd-common" matcher="exact" rev="2.13.2"/>
		<override org="org.apache.sshd" module="sshd-core" matcher="exact" rev="2.13.2"/>
		<override org="org.apache.sshd" module="sshd-scp" matcher="exact" rev="2.13.2"/>
		<override org="org.apache.sshd" module="sshd-sftp" matcher="exact" rev="2.13.2"/>
		<override org="org.apache.felix" module="org.apache.felix.gogo.runtime" matcher="exact" rev="1.1.6"/>
		<override org="org.apache.felix" module="org.apache.felix.gogo.jline" matcher="exact" rev="1.1.8"/>
		<override org="org.apache.groovy" module="groovy" matcher="exact" rev="4.0.23"/>
		<override org="org.apache.groovy" module="groovy-json" matcher="exact" rev="4.0.23"/>
		<override org="org.apache.groovy" module="groovy-console" matcher="exact" rev="4.0.23"/>
		<override org="org.graalvm.sdk" module="graal-sdk" matcher="exact" rev="24.1.0"/>
		<override org="org.apache.ivy" module="ivy" matcher="exact" rev="2.5.2"/>
		<override org="org.slf4j" module="slf4j-api" matcher="exact" rev="2.0.16"/>
		<override org="org.slf4j" module="slf4j-jdk14" matcher="exact" rev="2.0.16"/>
		<override org="org.easymock" module="easymock" matcher="exact" rev="5.4.0"/>
		<override org="org.junit.jupiter" module="junit-jupiter-api" matcher="exact" rev="5.11.0"/>
		<override org="org.junit.jupiter" module="junit-jupiter-params" matcher="exact" rev="5.11.0"/>
		<override org="org.junit.jupiter" module="junit-jupiter-params" matcher="exact" rev="5.11.0"/>
		<override org="com.google.code.findbugs" module="jsr305" matcher="exact" rev="3.0.2"/>
	</dependencies>
</ivy-module>
